Parameter,Value
RMS,0.1519592128458439
Mean,-2.9122476631312218e-05
Variance,0.023091601520609847
Max amplitude,1.0
Min amplitude,-1.02500898311175
Energy,574.7268913552833
